city,lat,lon,contador_palabras
Bogotá,4.649178,-74.062827,15
Bogotá,4.649178,-74.062827,19
Bogotá,4.649178,-74.062827,16
Bogotá,4.649178,-74.062827,25
Bogotá,4.649178,-74.062827,20
Bogotá,4.649178,-74.062827,11
Bogotá,4.649178,-74.062827,6
Bogotá,4.649178,-74.062827,22
Bogotá,4.649178,-74.062827,21
Bogotá,4.649178,-74.062827,12
Bogotá,4.649178,-74.062827,13
Bogotá,4.649178,-74.062827,11
Bogotá,4.649178,-74.062827,18
Bogotá,4.649178,-74.062827,3
Bogotá,4.649178,-74.062827,12
Bogotá,4.649178,-74.062827,28
Bogotá,4.649178,-74.062827,19
Bogotá,4.649178,-74.062827,7
Bogotá,4.649178,-74.062827,26
Bogotá,4.649178,-74.062827,21
Bogotá,4.649178,-74.062827,8
Bogotá,4.649178,-74.062827,23
Bogotá,4.649178,-74.062827,6
Bogotá,4.649178,-74.062827,14
Bogotá,4.649178,-74.062827,15
Bogotá,4.649178,-74.062827,20
Bogotá,4.649178,-74.062827,10
Bogotá,4.649178,-74.062827,22
Bogotá,4.649178,-74.062827,21
Bogotá,4.649178,-74.062827,14
Bogotá,4.649178,-74.062827,8
Bogotá,4.649178,-74.062827,23
Bogotá,4.649178,-74.062827,2
Bogotá,4.649178,-74.062827,9
Bogotá,4.649178,-74.062827,14
Bogotá,4.649178,-74.062827,11
Bogotá,4.649178,-74.062827,18
Bogotá,4.649178,-74.062827,4
Bogotá,4.649178,-74.062827,9
Bogotá,4.649178,-74.062827,10
Bogotá,4.649178,-74.062827,22
Bogotá,4.649178,-74.062827,23
Bogotá,4.649178,-74.062827,24
Bogotá,4.649178,-74.062827,23
Bogotá,4.649178,-74.062827,6
Bogotá,4.649178,-74.062827,25
Bogotá,4.649178,-74.062827,27
Bogotá,4.649178,-74.062827,19
Bogotá,4.649178,-74.062827,19
Bogotá,4.649178,-74.062827,19
Bogotá,4.649178,-74.062827,20
Bogotá,4.649178,-74.062827,17
Bogotá,4.649178,-74.062827,22
Bogotá,4.649178,-74.062827,25
Bogotá,4.649178,-74.062827,8
Bogotá,4.649178,-74.062827,20
Bogotá,4.649178,-74.062827,10
Bogotá,4.649178,-74.062827,25
Bogotá,4.649178,-74.062827,9
Bogotá,4.649178,-74.062827,15
Bogotá,4.649178,-74.062827,9
Bogotá,4.649178,-74.062827,22
Bogotá,4.649178,-74.062827,20
Bogotá,4.649178,-74.062827,10
Bogotá,4.649178,-74.062827,18
Bogotá,4.649178,-74.062827,9
Bogotá,4.649178,-74.062827,20
Bogotá,4.649178,-74.062827,10
Bogotá,4.649178,-74.062827,14
Bogotá,4.649178,-74.062827,10
Bogotá,4.649178,-74.062827,19
Bogotá,4.649178,-74.062827,15
Bogotá,4.649178,-74.062827,20
Bogotá,4.649178,-74.062827,19
Bogotá,4.649178,-74.062827,19
Bogotá,4.649178,-74.062827,6
Bogotá,4.649178,-74.062827,22
Bogotá,4.649178,-74.062827,14
Bogotá,4.649178,-74.062827,19
Bogotá,4.649178,-74.062827,22
Bogotá,4.649178,-74.062827,19
Bogotá,4.649178,-74.062827,20
Bogotá,4.649178,-74.062827,19
Bogotá,4.649178,-74.062827,8
Bogotá,4.649178,-74.062827,18
Bogotá,4.649178,-74.062827,21
Bogotá,4.649178,-74.062827,13
Bogotá,4.649178,-74.062827,12
Bogotá,4.649178,-74.062827,11
Bogotá,4.649178,-74.062827,23
Bogotá,4.649178,-74.062827,20
Bogotá,4.649178,-74.062827,6
Bogotá,4.649178,-74.062827,26
Bogotá,4.649178,-74.062827,9
Bogotá,4.649178,-74.062827,18
Bogotá,4.649178,-74.062827,11
Bogotá,4.649178,-74.062827,7
Bogotá,4.649178,-74.062827,22
Bogotá,4.649178,-74.062827,4
Bogotá,4.649178,-74.062827,1
Medellín,6.25184,-75.563591,18
Medellín,6.25184,-75.563591,4
Medellín,6.25184,-75.563591,7
Medellín,6.25184,-75.563591,28
Medellín,6.25184,-75.563591,25
Medellín,6.25184,-75.563591,7
Medellín,6.25184,-75.563591,25
Medellín,6.25184,-75.563591,8
Medellín,6.25184,-75.563591,13
Medellín,6.25184,-75.563591,4
Medellín,6.25184,-75.563591,6
Medellín,6.25184,-75.563591,7
Medellín,6.25184,-75.563591,7
Medellín,6.25184,-75.563591,21
Medellín,6.25184,-75.563591,25
Medellín,6.25184,-75.563591,27
Medellín,6.25184,-75.563591,24
Medellín,6.25184,-75.563591,2
Medellín,6.25184,-75.563591,9
Medellín,6.25184,-75.563591,15
Medellín,6.25184,-75.563591,19
Medellín,6.25184,-75.563591,30
Medellín,6.25184,-75.563591,13
Medellín,6.25184,-75.563591,11
Medellín,6.25184,-75.563591,10
Medellín,6.25184,-75.563591,7
Medellín,6.25184,-75.563591,10
Medellín,6.25184,-75.563591,26
Medellín,6.25184,-75.563591,18
Medellín,6.25184,-75.563591,16
Medellín,6.25184,-75.563591,16
Medellín,6.25184,-75.563591,25
Medellín,6.25184,-75.563591,29
Medellín,6.25184,-75.563591,22
Medellín,6.25184,-75.563591,26
Medellín,6.25184,-75.563591,9
Medellín,6.25184,-75.563591,5
Medellín,6.25184,-75.563591,7
Medellín,6.25184,-75.563591,13
Medellín,6.25184,-75.563591,19
Medellín,6.25184,-75.563591,20
Medellín,6.25184,-75.563591,4
Medellín,6.25184,-75.563591,9
Medellín,6.25184,-75.563591,21
Medellín,6.25184,-75.563591,14
Medellín,6.25184,-75.563591,7
Medellín,6.25184,-75.563591,9
Medellín,6.25184,-75.563591,13
Medellín,6.25184,-75.563591,25
Medellín,6.25184,-75.563591,3
Medellín,6.25184,-75.563591,4
Medellín,6.25184,-75.563591,2
Medellín,6.25184,-75.563591,3
Medellín,6.25184,-75.563591,10
Medellín,6.25184,-75.563591,13
Medellín,6.25184,-75.563591,19
Medellín,6.25184,-75.563591,10
Medellín,6.25184,-75.563591,5
Medellín,6.25184,-75.563591,26
Medellín,6.25184,-75.563591,21
Medellín,6.25184,-75.563591,2
Medellín,6.25184,-75.563591,26
Medellín,6.25184,-75.563591,7
Medellín,6.25184,-75.563591,12
Medellín,6.25184,-75.563591,16
Medellín,6.25184,-75.563591,15
Medellín,6.25184,-75.563591,24
Medellín,6.25184,-75.563591,10
Medellín,6.25184,-75.563591,7
Medellín,6.25184,-75.563591,20
Medellín,6.25184,-75.563591,12
Medellín,6.25184,-75.563591,2
Medellín,6.25184,-75.563591,12
Medellín,6.25184,-75.563591,7
Medellín,6.25184,-75.563591,21
Medellín,6.25184,-75.563591,27
Medellín,6.25184,-75.563591,11
Medellín,6.25184,-75.563591,10
Medellín,6.25184,-75.563591,28
Medellín,6.25184,-75.563591,17
Medellín,6.25184,-75.563591,10
Medellín,6.25184,-75.563591,3
Medellín,6.25184,-75.563591,2
Medellín,6.25184,-75.563591,23
Medellín,6.25184,-75.563591,28
Medellín,6.25184,-75.563591,26
Medellín,6.25184,-75.563591,8
Medellín,6.25184,-75.563591,13
Medellín,6.25184,-75.563591,17
Medellín,6.25184,-75.563591,16
Medellín,6.25184,-75.563591,23
Medellín,6.25184,-75.563591,15
Cali,3.437222,-76.5225,36
Cali,3.437222,-76.5225,7
Cali,3.437222,-76.5225,9
Cali,3.437222,-76.5225,2
Cali,3.437222,-76.5225,24
Cali,3.437222,-76.5225,16
Cali,3.437222,-76.5225,5
Cali,3.437222,-76.5225,9
Cali,3.437222,-76.5225,27
Cali,3.437222,-76.5225,12
Cali,3.437222,-76.5225,7
Cali,3.437222,-76.5225,22
Cali,3.437222,-76.5225,13
Cali,3.437222,-76.5225,9
Cali,3.437222,-76.5225,11
Cali,3.437222,-76.5225,8
Cali,3.437222,-76.5225,12
Cali,3.437222,-76.5225,25
Cali,3.437222,-76.5225,21
Cali,3.437222,-76.5225,6
Cali,3.437222,-76.5225,7
Cali,3.437222,-76.5225,17
Cali,3.437222,-76.5225,23
Cali,3.437222,-76.5225,19
Cali,3.437222,-76.5225,5
Cali,3.437222,-76.5225,19
Cali,3.437222,-76.5225,16
Cali,3.437222,-76.5225,25
Cali,3.437222,-76.5225,9
Cali,3.437222,-76.5225,20
Cali,3.437222,-76.5225,24
Cali,3.437222,-76.5225,11
Cali,3.437222,-76.5225,20
Cali,3.437222,-76.5225,10
Cali,3.437222,-76.5225,6
Cali,3.437222,-76.5225,21
Cali,3.437222,-76.5225,20
Cali,3.437222,-76.5225,21
Cali,3.437222,-76.5225,21
Cali,3.437222,-76.5225,5
Cali,3.437222,-76.5225,19
Cali,3.437222,-76.5225,18
Cali,3.437222,-76.5225,9
Cali,3.437222,-76.5225,23
Cali,3.437222,-76.5225,7
Cali,3.437222,-76.5225,25
Cali,3.437222,-76.5225,16
Cali,3.437222,-76.5225,5
Cali,3.437222,-76.5225,5
Cali,3.437222,-76.5225,6
Cali,3.437222,-76.5225,19
Cali,3.437222,-76.5225,6
Cali,3.437222,-76.5225,6
Cali,3.437222,-76.5225,25
Cali,3.437222,-76.5225,4
Cali,3.437222,-76.5225,9
Cali,3.437222,-76.5225,9
Cali,3.437222,-76.5225,6
Cali,3.437222,-76.5225,8
Cali,3.437222,-76.5225,5
Cali,3.437222,-76.5225,10
Cali,3.437222,-76.5225,7
Cali,3.437222,-76.5225,9
Cali,3.437222,-76.5225,18
Cali,3.437222,-76.5225,21
Cali,3.437222,-76.5225,7
Cali,3.437222,-76.5225,7
Cali,3.437222,-76.5225,10
Cali,3.437222,-76.5225,7
Cali,3.437222,-76.5225,11
Cali,3.437222,-76.5225,23
Cali,3.437222,-76.5225,15
Cali,3.437222,-76.5225,10
Cali,3.437222,-76.5225,26
Cali,3.437222,-76.5225,7
Cali,3.437222,-76.5225,19
Cali,3.437222,-76.5225,12
Cali,3.437222,-76.5225,19
Cali,3.437222,-76.5225,12
Cali,3.437222,-76.5225,10
Cali,3.437222,-76.5225,22
Cali,3.437222,-76.5225,21
Cali,3.437222,-76.5225,12
Cali,3.437222,-76.5225,20
Cali,3.437222,-76.5225,25
Cali,3.437222,-76.5225,15
Cali,3.437222,-76.5225,22
Cali,3.437222,-76.5225,6
Cali,3.437222,-76.5225,19
Cali,3.437222,-76.5225,13
Cali,3.437222,-76.5225,25
Cali,3.437222,-76.5225,23
Cali,3.437222,-76.5225,21
Cali,3.437222,-76.5225,21
Cali,3.437222,-76.5225,15
Cali,3.437222,-76.5225,15
Cali,3.437222,-76.5225,7
Cali,3.437222,-76.5225,4
Cali,3.437222,-76.5225,16
Cali,3.437222,-76.5225,10
Barranquilla,10.963889,-74.796389,12
Barranquilla,10.963889,-74.796389,6
Barranquilla,10.963889,-74.796389,23
Barranquilla,10.963889,-74.796389,9
Barranquilla,10.963889,-74.796389,6
Barranquilla,10.963889,-74.796389,13
Barranquilla,10.963889,-74.796389,18
Barranquilla,10.963889,-74.796389,19
Barranquilla,10.963889,-74.796389,18
Barranquilla,10.963889,-74.796389,18
Barranquilla,10.963889,-74.796389,18
Barranquilla,10.963889,-74.796389,18
Barranquilla,10.963889,-74.796389,18
Barranquilla,10.963889,-74.796389,18
Barranquilla,10.963889,-74.796389,18
Barranquilla,10.963889,-74.796389,18
Barranquilla,10.963889,-74.796389,20
Barranquilla,10.963889,-74.796389,19
Barranquilla,10.963889,-74.796389,18
Barranquilla,10.963889,-74.796389,19
Barranquilla,10.963889,-74.796389,18
Barranquilla,10.963889,-74.796389,19
Barranquilla,10.963889,-74.796389,19
Barranquilla,10.963889,-74.796389,22
Barranquilla,10.963889,-74.796389,27
Barranquilla,10.963889,-74.796389,19
Barranquilla,10.963889,-74.796389,19
Barranquilla,10.963889,-74.796389,25
Barranquilla,10.963889,-74.796389,19
Barranquilla,10.963889,-74.796389,18
Barranquilla,10.963889,-74.796389,18
Barranquilla,10.963889,-74.796389,21
Barranquilla,10.963889,-74.796389,18
Barranquilla,10.963889,-74.796389,18
Barranquilla,10.963889,-74.796389,18
Barranquilla,10.963889,-74.796389,18
Barranquilla,10.963889,-74.796389,18
Barranquilla,10.963889,-74.796389,20
Barranquilla,10.963889,-74.796389,23
Barranquilla,10.963889,-74.796389,18
Barranquilla,10.963889,-74.796389,18
Barranquilla,10.963889,-74.796389,25
Barranquilla,10.963889,-74.796389,10
Barranquilla,10.963889,-74.796389,11
Barranquilla,10.963889,-74.796389,3
Barranquilla,10.963889,-74.796389,12
Barranquilla,10.963889,-74.796389,13
Barranquilla,10.963889,-74.796389,10
Barranquilla,10.963889,-74.796389,2
Barranquilla,10.963889,-74.796389,26
Barranquilla,10.963889,-74.796389,12
Barranquilla,10.963889,-74.796389,10
Barranquilla,10.963889,-74.796389,12
Barranquilla,10.963889,-74.796389,7
Barranquilla,10.963889,-74.796389,6
Barranquilla,10.963889,-74.796389,0
Barranquilla,10.963889,-74.796389,5
Barranquilla,10.963889,-74.796389,24
Barranquilla,10.963889,-74.796389,2
Barranquilla,10.963889,-74.796389,6
Barranquilla,10.963889,-74.796389,9
Barranquilla,10.963889,-74.796389,14
Barranquilla,10.963889,-74.796389,4
Barranquilla,10.963889,-74.796389,20
Barranquilla,10.963889,-74.796389,6
Barranquilla,10.963889,-74.796389,24
Barranquilla,10.963889,-74.796389,10
Barranquilla,10.963889,-74.796389,13
Barranquilla,10.963889,-74.796389,4
Barranquilla,10.963889,-74.796389,9
Barranquilla,10.963889,-74.796389,10
Barranquilla,10.963889,-74.796389,7
Barranquilla,10.963889,-74.796389,22
Barranquilla,10.963889,-74.796389,1
Barranquilla,10.963889,-74.796389,18
Barranquilla,10.963889,-74.796389,16
Barranquilla,10.963889,-74.796389,19
Barranquilla,10.963889,-74.796389,20
Barranquilla,10.963889,-74.796389,22
Barranquilla,10.963889,-74.796389,10
Barranquilla,10.963889,-74.796389,16
Barranquilla,10.963889,-74.796389,19
Barranquilla,10.963889,-74.796389,8
Barranquilla,10.963889,-74.796389,21
Barranquilla,10.963889,-74.796389,4
Barranquilla,10.963889,-74.796389,7
Barranquilla,10.963889,-74.796389,18
Barranquilla,10.963889,-74.796389,11
Barranquilla,10.963889,-74.796389,17
Barranquilla,10.963889,-74.796389,11
Barranquilla,10.963889,-74.796389,15
Barranquilla,10.963889,-74.796389,4
Barranquilla,10.963889,-74.796389,23
Barranquilla,10.963889,-74.796389,5
Barranquilla,10.963889,-74.796389,4
Barranquilla,10.963889,-74.796389,10
Barranquilla,10.963889,-74.796389,6
Barranquilla,10.963889,-74.796389,2
Barranquilla,10.963889,-74.796389,22
Barranquilla,10.963889,-74.796389,19
Bucaramanga,7.125393,-73.119804,10
Bucaramanga,7.125393,-73.119804,8
Bucaramanga,7.125393,-73.119804,18
Bucaramanga,7.125393,-73.119804,39
Bucaramanga,7.125393,-73.119804,20
Bucaramanga,7.125393,-73.119804,6
Bucaramanga,7.125393,-73.119804,12
Bucaramanga,7.125393,-73.119804,28
Bucaramanga,7.125393,-73.119804,9
Bucaramanga,7.125393,-73.119804,4
Bucaramanga,7.125393,-73.119804,21
Bucaramanga,7.125393,-73.119804,6
Bucaramanga,7.125393,-73.119804,4
Bucaramanga,7.125393,-73.119804,15
Bucaramanga,7.125393,-73.119804,14
Bucaramanga,7.125393,-73.119804,21
Bucaramanga,7.125393,-73.119804,21
Bucaramanga,7.125393,-73.119804,7
Bucaramanga,7.125393,-73.119804,16
Bucaramanga,7.125393,-73.119804,9
Bucaramanga,7.125393,-73.119804,18
Bucaramanga,7.125393,-73.119804,13
Bucaramanga,7.125393,-73.119804,25
Bucaramanga,7.125393,-73.119804,7
Bucaramanga,7.125393,-73.119804,12
Bucaramanga,7.125393,-73.119804,24
Bucaramanga,7.125393,-73.119804,25
Cartagena,10.399722,-75.514444,12
Cartagena,10.399722,-75.514444,9
Cartagena,10.399722,-75.514444,6
Cartagena,10.399722,-75.514444,18
Cartagena,10.399722,-75.514444,19
Cartagena,10.399722,-75.514444,18
Cartagena,10.399722,-75.514444,18
Cartagena,10.399722,-75.514444,18
Cartagena,10.399722,-75.514444,18
Cartagena,10.399722,-75.514444,18
Cartagena,10.399722,-75.514444,18
Cartagena,10.399722,-75.514444,18
Cartagena,10.399722,-75.514444,18
Cartagena,10.399722,-75.514444,20
Cartagena,10.399722,-75.514444,19
Cartagena,10.399722,-75.514444,18
Cartagena,10.399722,-75.514444,19
Cartagena,10.399722,-75.514444,18
Cartagena,10.399722,-75.514444,19
Cartagena,10.399722,-75.514444,19
Cartagena,10.399722,-75.514444,22
Cartagena,10.399722,-75.514444,27
Cartagena,10.399722,-75.514444,19
Cartagena,10.399722,-75.514444,19
Cartagena,10.399722,-75.514444,25
Cartagena,10.399722,-75.514444,19
Cartagena,10.399722,-75.514444,18
Cartagena,10.399722,-75.514444,18
Cartagena,10.399722,-75.514444,21
Cartagena,10.399722,-75.514444,18
Cartagena,10.399722,-75.514444,18
Cartagena,10.399722,-75.514444,18
Cartagena,10.399722,-75.514444,18
Cartagena,10.399722,-75.514444,18
Cartagena,10.399722,-75.514444,20
Cartagena,10.399722,-75.514444,23
Cartagena,10.399722,-75.514444,18
Cartagena,10.399722,-75.514444,18
Cartagena,10.399722,-75.514444,25
Cartagena,10.399722,-75.514444,10
Cartagena,10.399722,-75.514444,11
Cartagena,10.399722,-75.514444,3
Cartagena,10.399722,-75.514444,12
Cartagena,10.399722,-75.514444,13
Cartagena,10.399722,-75.514444,10
Cartagena,10.399722,-75.514444,10
Cartagena,10.399722,-75.514444,12
Cartagena,10.399722,-75.514444,7
Cartagena,10.399722,-75.514444,6
Cartagena,10.399722,-75.514444,0
Cartagena,10.399722,-75.514444,24
Cartagena,10.399722,-75.514444,2
Cartagena,10.399722,-75.514444,6
Cartagena,10.399722,-75.514444,14
Cartagena,10.399722,-75.514444,4
Cartagena,10.399722,-75.514444,20
Cartagena,10.399722,-75.514444,6
Cartagena,10.399722,-75.514444,24
Cartagena,10.399722,-75.514444,10
Cartagena,10.399722,-75.514444,13
Cartagena,10.399722,-75.514444,4
Cartagena,10.399722,-75.514444,9
Cartagena,10.399722,-75.514444,7
Cartagena,10.399722,-75.514444,22
Cartagena,10.399722,-75.514444,18
Cartagena,10.399722,-75.514444,16
Cartagena,10.399722,-75.514444,7
Cartagena,10.399722,-75.514444,19
Cartagena,10.399722,-75.514444,8
Cartagena,10.399722,-75.514444,10
Cartagena,10.399722,-75.514444,16
Cartagena,10.399722,-75.514444,4
Cartagena,10.399722,-75.514444,19
Cartagena,10.399722,-75.514444,8
Cartagena,10.399722,-75.514444,21
Cartagena,10.399722,-75.514444,4
Cartagena,10.399722,-75.514444,7
Cartagena,10.399722,-75.514444,18
Cartagena,10.399722,-75.514444,17
Cartagena,10.399722,-75.514444,8
Cartagena,10.399722,-75.514444,11
Cartagena,10.399722,-75.514444,15
Cartagena,10.399722,-75.514444,4
Cartagena,10.399722,-75.514444,23
Cartagena,10.399722,-75.514444,5
Cartagena,10.399722,-75.514444,4
Cartagena,10.399722,-75.514444,10
Cartagena,10.399722,-75.514444,6
Cartagena,10.399722,-75.514444,11
Cartagena,10.399722,-75.514444,2
Cartagena,10.399722,-75.514444,22
Cartagena,10.399722,-75.514444,7
Cartagena,10.399722,-75.514444,22
Cartagena,10.399722,-75.514444,20
Cartagena,10.399722,-75.514444,4
Cartagena,10.399722,-75.514444,1
Cartagena,10.399722,-75.514444,5
Cartagena,10.399722,-75.514444,13
Cartagena,10.399722,-75.514444,18
Cartagena,10.399722,-75.514444,11
Cúcuta,7.893907,-72.507821,15
Cúcuta,7.893907,-72.507821,19
Cúcuta,7.893907,-72.507821,22
Cúcuta,7.893907,-72.507821,26
Cúcuta,7.893907,-72.507821,10
Cúcuta,7.893907,-72.507821,12
Cúcuta,7.893907,-72.507821,5
Cúcuta,7.893907,-72.507821,14
Cúcuta,7.893907,-72.507821,3
Cúcuta,7.893907,-72.507821,22
Cúcuta,7.893907,-72.507821,8
Cúcuta,7.893907,-72.507821,8
Cúcuta,7.893907,-72.507821,24
Cúcuta,7.893907,-72.507821,7
Cúcuta,7.893907,-72.507821,9
Cúcuta,7.893907,-72.507821,15
Cúcuta,7.893907,-72.507821,20
Cúcuta,7.893907,-72.507821,20
Cúcuta,7.893907,-72.507821,13
Cúcuta,7.893907,-72.507821,13
Pereira,4.813333,-75.696111,21
Pereira,4.813333,-75.696111,13
Pereira,4.813333,-75.696111,16
Pereira,4.813333,-75.696111,3
Pereira,4.813333,-75.696111,26
Pereira,4.813333,-75.696111,19
Pereira,4.813333,-75.696111,15
Pereira,4.813333,-75.696111,20
Pereira,4.813333,-75.696111,8
Pereira,4.813333,-75.696111,23
Pereira,4.813333,-75.696111,4
Pereira,4.813333,-75.696111,20
Pereira,4.813333,-75.696111,21
Pereira,4.813333,-75.696111,9
Pereira,4.813333,-75.696111,15
Pereira,4.813333,-75.696111,26
Pereira,4.813333,-75.696111,7
Pereira,4.813333,-75.696111,16
Pereira,4.813333,-75.696111,19
Pereira,4.813333,-75.696111,5
Pereira,4.813333,-75.696111,4
Pereira,4.813333,-75.696111,3
Pereira,4.813333,-75.696111,10
Pereira,4.813333,-75.696111,13
Pereira,4.813333,-75.696111,24
Pereira,4.813333,-75.696111,12
Pereira,4.813333,-75.696111,6
Pereira,4.813333,-75.696111,8
Pereira,4.813333,-75.696111,20
Pereira,4.813333,-75.696111,6
Pereira,4.813333,-75.696111,8
Pereira,4.813333,-75.696111,7
Pereira,4.813333,-75.696111,3
Pereira,4.813333,-75.696111,6
Pereira,4.813333,-75.696111,3
Pereira,4.813333,-75.696111,11
Pereira,4.813333,-75.696111,8
Pereira,4.813333,-75.696111,16
Pereira,4.813333,-75.696111,9
Pereira,4.813333,-75.696111,5
Pereira,4.813333,-75.696111,11
Pereira,4.813333,-75.696111,19
Pereira,4.813333,-75.696111,4
Pereira,4.813333,-75.696111,27
Pereira,4.813333,-75.696111,21
Pereira,4.813333,-75.696111,26
Pereira,4.813333,-75.696111,6
Pereira,4.813333,-75.696111,3
Pereira,4.813333,-75.696111,11
Pereira,4.813333,-75.696111,14
Pereira,4.813333,-75.696111,16
Pereira,4.813333,-75.696111,18
Pereira,4.813333,-75.696111,19
Pereira,4.813333,-75.696111,3
Pereira,4.813333,-75.696111,14
Pereira,4.813333,-75.696111,15
Pereira,4.813333,-75.696111,16
Pereira,4.813333,-75.696111,8
Pereira,4.813333,-75.696111,15
Pereira,4.813333,-75.696111,21
Pereira,4.813333,-75.696111,5
Pereira,4.813333,-75.696111,11
Pereira,4.813333,-75.696111,14
Pereira,4.813333,-75.696111,15
Pereira,4.813333,-75.696111,12
Pereira,4.813333,-75.696111,27
Pereira,4.813333,-75.696111,14
Pereira,4.813333,-75.696111,5
Pereira,4.813333,-75.696111,9
Pereira,4.813333,-75.696111,15
Pereira,4.813333,-75.696111,17
Pereira,4.813333,-75.696111,19
Pereira,4.813333,-75.696111,12
Pereira,4.813333,-75.696111,14
Pereira,4.813333,-75.696111,29
Pereira,4.813333,-75.696111,23
Pereira,4.813333,-75.696111,21
Pereira,4.813333,-75.696111,9
Pereira,4.813333,-75.696111,17
Pereira,4.813333,-75.696111,21
Pereira,4.813333,-75.696111,16
Santa Marta,11.240791,-74.19904,12
Santa Marta,11.240791,-74.19904,6
Santa Marta,11.240791,-74.19904,23
Santa Marta,11.240791,-74.19904,9
Santa Marta,11.240791,-74.19904,6
Santa Marta,11.240791,-74.19904,18
Santa Marta,11.240791,-74.19904,19
Santa Marta,11.240791,-74.19904,18
Santa Marta,11.240791,-74.19904,18
Santa Marta,11.240791,-74.19904,18
Santa Marta,11.240791,-74.19904,18
Santa Marta,11.240791,-74.19904,18
Santa Marta,11.240791,-74.19904,18
Santa Marta,11.240791,-74.19904,18
Santa Marta,11.240791,-74.19904,18
Santa Marta,11.240791,-74.19904,20
Santa Marta,11.240791,-74.19904,19
Santa Marta,11.240791,-74.19904,18
Santa Marta,11.240791,-74.19904,19
Santa Marta,11.240791,-74.19904,18
Santa Marta,11.240791,-74.19904,19
Santa Marta,11.240791,-74.19904,19
Santa Marta,11.240791,-74.19904,22
Santa Marta,11.240791,-74.19904,27
Santa Marta,11.240791,-74.19904,19
Santa Marta,11.240791,-74.19904,19
Santa Marta,11.240791,-74.19904,25
Santa Marta,11.240791,-74.19904,19
Santa Marta,11.240791,-74.19904,18
Santa Marta,11.240791,-74.19904,18
Santa Marta,11.240791,-74.19904,21
Santa Marta,11.240791,-74.19904,18
Santa Marta,11.240791,-74.19904,18
Santa Marta,11.240791,-74.19904,18
Santa Marta,11.240791,-74.19904,18
Santa Marta,11.240791,-74.19904,18
Santa Marta,11.240791,-74.19904,20
Santa Marta,11.240791,-74.19904,23
Santa Marta,11.240791,-74.19904,18
Santa Marta,11.240791,-74.19904,18
Santa Marta,11.240791,-74.19904,25
Santa Marta,11.240791,-74.19904,10
Santa Marta,11.240791,-74.19904,3
Santa Marta,11.240791,-74.19904,12
Santa Marta,11.240791,-74.19904,13
Santa Marta,11.240791,-74.19904,10
Santa Marta,11.240791,-74.19904,2
Santa Marta,11.240791,-74.19904,26
Santa Marta,11.240791,-74.19904,10
Santa Marta,11.240791,-74.19904,12
Santa Marta,11.240791,-74.19904,7
Santa Marta,11.240791,-74.19904,6
Santa Marta,11.240791,-74.19904,0
Santa Marta,11.240791,-74.19904,24
Santa Marta,11.240791,-74.19904,2
Santa Marta,11.240791,-74.19904,6
Santa Marta,11.240791,-74.19904,14
Santa Marta,11.240791,-74.19904,4
Santa Marta,11.240791,-74.19904,20
Santa Marta,11.240791,-74.19904,24
Santa Marta,11.240791,-74.19904,13
Santa Marta,11.240791,-74.19904,4
Santa Marta,11.240791,-74.19904,9
Santa Marta,11.240791,-74.19904,10
Santa Marta,11.240791,-74.19904,7
Santa Marta,11.240791,-74.19904,19
Santa Marta,11.240791,-74.19904,22
Santa Marta,11.240791,-74.19904,10
Santa Marta,11.240791,-74.19904,16
Santa Marta,11.240791,-74.19904,19
Santa Marta,11.240791,-74.19904,8
Santa Marta,11.240791,-74.19904,21
Santa Marta,11.240791,-74.19904,7
Santa Marta,11.240791,-74.19904,18
Santa Marta,11.240791,-74.19904,11
Santa Marta,11.240791,-74.19904,17
Santa Marta,11.240791,-74.19904,11
Santa Marta,11.240791,-74.19904,15
Santa Marta,11.240791,-74.19904,4
Santa Marta,11.240791,-74.19904,6
Santa Marta,11.240791,-74.19904,5
Santa Marta,11.240791,-74.19904,13
Santa Marta,11.240791,-74.19904,18
Santa Marta,11.240791,-74.19904,11
Santa Marta,11.240791,-74.19904,13
Santa Marta,11.240791,-74.19904,10
Santa Marta,11.240791,-74.19904,7
Santa Marta,11.240791,-74.19904,16
Santa Marta,11.240791,-74.19904,15
Santa Marta,11.240791,-74.19904,16
Santa Marta,11.240791,-74.19904,10
Santa Marta,11.240791,-74.19904,17
Santa Marta,11.240791,-74.19904,23
Santa Marta,11.240791,-74.19904,16
Santa Marta,11.240791,-74.19904,18
Santa Marta,11.240791,-74.19904,8
Santa Marta,11.240791,-74.19904,11
Santa Marta,11.240791,-74.19904,21
Santa Marta,11.240791,-74.19904,21
Santa Marta,11.240791,-74.19904,25
Ibagué,4.438889,-75.232222,21
Ibagué,4.438889,-75.232222,13
Ibagué,4.438889,-75.232222,3
Ibagué,4.438889,-75.232222,26
Ibagué,4.438889,-75.232222,15
Ibagué,4.438889,-75.232222,20
Ibagué,4.438889,-75.232222,8
Ibagué,4.438889,-75.232222,23
Ibagué,4.438889,-75.232222,20
Ibagué,4.438889,-75.232222,9
Ibagué,4.438889,-75.232222,15
Ibagué,4.438889,-75.232222,26
Ibagué,4.438889,-75.232222,7
Ibagué,4.438889,-75.232222,16
Ibagué,4.438889,-75.232222,19
Ibagué,4.438889,-75.232222,3
Ibagué,4.438889,-75.232222,24
Ibagué,4.438889,-75.232222,6
Ibagué,4.438889,-75.232222,3
Ibagué,4.438889,-75.232222,4
Ibagué,4.438889,-75.232222,3
Ibagué,4.438889,-75.232222,14
Ibagué,4.438889,-75.232222,21
Ibagué,4.438889,-75.232222,15
Ibagué,4.438889,-75.232222,12
Ibagué,4.438889,-75.232222,27
Ibagué,4.438889,-75.232222,14
Ibagué,4.438889,-75.232222,9
Ibagué,4.438889,-75.232222,19
Ibagué,4.438889,-75.232222,12
Ibagué,4.438889,-75.232222,21
Ibagué,4.438889,-75.232222,9
Ibagué,4.438889,-75.232222,17
Ibagué,4.438889,-75.232222,21
Ibagué,4.438889,-75.232222,16
Pasto,1.213611,-77.281111,6
Pasto,1.213611,-77.281111,9
Pasto,1.213611,-77.281111,5
Pasto,1.213611,-77.281111,4
Manizales,5.06889,-75.517383,21
Manizales,5.06889,-75.517383,13
Manizales,5.06889,-75.517383,3
Manizales,5.06889,-75.517383,26
Manizales,5.06889,-75.517383,15
Manizales,5.06889,-75.517383,20
Manizales,5.06889,-75.517383,8
Manizales,5.06889,-75.517383,23
Manizales,5.06889,-75.517383,20
Manizales,5.06889,-75.517383,9
Manizales,5.06889,-75.517383,15
Manizales,5.06889,-75.517383,26
Manizales,5.06889,-75.517383,7
Manizales,5.06889,-75.517383,16
Manizales,5.06889,-75.517383,19
Manizales,5.06889,-75.517383,5
Manizales,5.06889,-75.517383,3
Manizales,5.06889,-75.517383,24
Manizales,5.06889,-75.517383,14
Manizales,5.06889,-75.517383,6
Manizales,5.06889,-75.517383,3
Manizales,5.06889,-75.517383,4
Manizales,5.06889,-75.517383,15
Manizales,5.06889,-75.517383,14
Manizales,5.06889,-75.517383,21
Manizales,5.06889,-75.517383,15
Manizales,5.06889,-75.517383,12
Manizales,5.06889,-75.517383,27
Manizales,5.06889,-75.517383,14
Manizales,5.06889,-75.517383,9
Manizales,5.06889,-75.517383,19
Manizales,5.06889,-75.517383,12
Manizales,5.06889,-75.517383,9
Manizales,5.06889,-75.517383,17
Manizales,5.06889,-75.517383,21
Manizales,5.06889,-75.517383,16
Villavicencio,4.142002,-73.626645,15
Villavicencio,4.142002,-73.626645,19
Villavicencio,4.142002,-73.626645,16
Villavicencio,4.142002,-73.626645,25
Villavicencio,4.142002,-73.626645,20
Villavicencio,4.142002,-73.626645,11
Villavicencio,4.142002,-73.626645,6
Villavicencio,4.142002,-73.626645,22
Villavicencio,4.142002,-73.626645,12
Villavicencio,4.142002,-73.626645,11
Villavicencio,4.142002,-73.626645,18
Villavicencio,4.142002,-73.626645,12
Villavicencio,4.142002,-73.626645,28
Villavicencio,4.142002,-73.626645,19
Villavicencio,4.142002,-73.626645,7
Villavicencio,4.142002,-73.626645,21
Villavicencio,4.142002,-73.626645,8
Villavicencio,4.142002,-73.626645,23
Villavicencio,4.142002,-73.626645,6
Villavicencio,4.142002,-73.626645,14
Villavicencio,4.142002,-73.626645,10
Villavicencio,4.142002,-73.626645,22
Villavicencio,4.142002,-73.626645,21
Villavicencio,4.142002,-73.626645,14
Villavicencio,4.142002,-73.626645,23
Villavicencio,4.142002,-73.626645,2
Villavicencio,4.142002,-73.626645,9
Villavicencio,4.142002,-73.626645,14
Villavicencio,4.142002,-73.626645,11
Villavicencio,4.142002,-73.626645,18
Villavicencio,4.142002,-73.626645,4
Villavicencio,4.142002,-73.626645,9
Villavicencio,4.142002,-73.626645,10
Villavicencio,4.142002,-73.626645,22
Villavicencio,4.142002,-73.626645,24
Villavicencio,4.142002,-73.626645,23
Villavicencio,4.142002,-73.626645,6
Villavicencio,4.142002,-73.626645,25
Villavicencio,4.142002,-73.626645,27
Villavicencio,4.142002,-73.626645,19
Villavicencio,4.142002,-73.626645,19
Villavicencio,4.142002,-73.626645,19
Villavicencio,4.142002,-73.626645,17
Villavicencio,4.142002,-73.626645,22
Villavicencio,4.142002,-73.626645,25
Villavicencio,4.142002,-73.626645,8
Villavicencio,4.142002,-73.626645,20
Villavicencio,4.142002,-73.626645,10
Villavicencio,4.142002,-73.626645,25
Villavicencio,4.142002,-73.626645,9
Villavicencio,4.142002,-73.626645,15
Villavicencio,4.142002,-73.626645,9
Villavicencio,4.142002,-73.626645,22
Villavicencio,4.142002,-73.626645,20
Villavicencio,4.142002,-73.626645,10
Villavicencio,4.142002,-73.626645,18
Villavicencio,4.142002,-73.626645,20
Villavicencio,4.142002,-73.626645,10
Villavicencio,4.142002,-73.626645,14
Villavicencio,4.142002,-73.626645,10
Villavicencio,4.142002,-73.626645,19
Villavicencio,4.142002,-73.626645,20
Villavicencio,4.142002,-73.626645,19
Villavicencio,4.142002,-73.626645,19
Villavicencio,4.142002,-73.626645,6
Villavicencio,4.142002,-73.626645,22
Villavicencio,4.142002,-73.626645,14
Villavicencio,4.142002,-73.626645,19
Villavicencio,4.142002,-73.626645,22
Villavicencio,4.142002,-73.626645,19
Villavicencio,4.142002,-73.626645,20
Villavicencio,4.142002,-73.626645,19
Villavicencio,4.142002,-73.626645,8
Villavicencio,4.142002,-73.626645,18
Villavicencio,4.142002,-73.626645,21
Villavicencio,4.142002,-73.626645,12
Villavicencio,4.142002,-73.626645,11
Villavicencio,4.142002,-73.626645,23
Villavicencio,4.142002,-73.626645,20
Villavicencio,4.142002,-73.626645,6
Villavicencio,4.142002,-73.626645,9
Villavicencio,4.142002,-73.626645,18
Villavicencio,4.142002,-73.626645,11
Villavicencio,4.142002,-73.626645,22
Villavicencio,4.142002,-73.626645,4
Villavicencio,4.142002,-73.626645,1
Villavicencio,4.142002,-73.626645,3
Villavicencio,4.142002,-73.626645,12
Villavicencio,4.142002,-73.626645,8
Villavicencio,4.142002,-73.626645,13
Villavicencio,4.142002,-73.626645,3
Villavicencio,4.142002,-73.626645,21
Villavicencio,4.142002,-73.626645,21
Villavicencio,4.142002,-73.626645,13
Villavicencio,4.142002,-73.626645,21
Villavicencio,4.142002,-73.626645,21
Villavicencio,4.142002,-73.626645,18
Villavicencio,4.142002,-73.626645,16
Villavicencio,4.142002,-73.626645,15
Villavicencio,4.142002,-73.626645,10
Neiva,2.927299,-75.281885,24
Neiva,2.927299,-75.281885,19
Neiva,2.927299,-75.281885,36
Neiva,2.927299,-75.281885,9
Neiva,2.927299,-75.281885,12
Neiva,2.927299,-75.281885,19
Neiva,2.927299,-75.281885,9
Neiva,2.927299,-75.281885,20
Neiva,2.927299,-75.281885,12
Neiva,2.927299,-75.281885,21
Neiva,2.927299,-75.281885,22
Neiva,2.927299,-75.281885,17
Neiva,2.927299,-75.281885,24
Neiva,2.927299,-75.281885,15
Neiva,2.927299,-75.281885,26
Neiva,2.927299,-75.281885,20
Neiva,2.927299,-75.281885,16
Neiva,2.927299,-75.281885,5
Neiva,2.927299,-75.281885,20
Neiva,2.927299,-75.281885,27
Neiva,2.927299,-75.281885,10
Neiva,2.927299,-75.281885,8
Neiva,2.927299,-75.281885,8
Neiva,2.927299,-75.281885,9
Neiva,2.927299,-75.281885,12
Neiva,2.927299,-75.281885,7
Neiva,2.927299,-75.281885,22
Neiva,2.927299,-75.281885,13
Neiva,2.927299,-75.281885,12
Neiva,2.927299,-75.281885,12
Neiva,2.927299,-75.281885,12
Neiva,2.927299,-75.281885,11
Neiva,2.927299,-75.281885,14
Neiva,2.927299,-75.281885,9
Neiva,2.927299,-75.281885,8
Neiva,2.927299,-75.281885,9
Neiva,2.927299,-75.281885,10
Neiva,2.927299,-75.281885,13
Neiva,2.927299,-75.281885,11
Neiva,2.927299,-75.281885,8
Neiva,2.927299,-75.281885,20
Neiva,2.927299,-75.281885,24
Neiva,2.927299,-75.281885,12
Neiva,2.927299,-75.281885,25
Neiva,2.927299,-75.281885,5
Neiva,2.927299,-75.281885,3
Neiva,2.927299,-75.281885,16
Neiva,2.927299,-75.281885,21
Neiva,2.927299,-75.281885,6
Neiva,2.927299,-75.281885,5
Neiva,2.927299,-75.281885,13
Neiva,2.927299,-75.281885,7
Neiva,2.927299,-75.281885,10
Neiva,2.927299,-75.281885,14
Neiva,2.927299,-75.281885,6
Neiva,2.927299,-75.281885,8
Neiva,2.927299,-75.281885,27
Neiva,2.927299,-75.281885,17
Neiva,2.927299,-75.281885,22
Neiva,2.927299,-75.281885,18
Neiva,2.927299,-75.281885,17
Neiva,2.927299,-75.281885,19
Neiva,2.927299,-75.281885,23
Neiva,2.927299,-75.281885,10
Neiva,2.927299,-75.281885,18
Neiva,2.927299,-75.281885,12
Neiva,2.927299,-75.281885,8
Neiva,2.927299,-75.281885,18
Neiva,2.927299,-75.281885,22
Neiva,2.927299,-75.281885,5
Neiva,2.927299,-75.281885,21
Neiva,2.927299,-75.281885,7
Neiva,2.927299,-75.281885,14
Neiva,2.927299,-75.281885,24
Neiva,2.927299,-75.281885,19
Neiva,2.927299,-75.281885,27
Neiva,2.927299,-75.281885,12
Neiva,2.927299,-75.281885,16
Neiva,2.927299,-75.281885,15
Neiva,2.927299,-75.281885,24
Neiva,2.927299,-75.281885,25
Neiva,2.927299,-75.281885,11
Neiva,2.927299,-75.281885,9
Neiva,2.927299,-75.281885,15
Neiva,2.927299,-75.281885,9
Neiva,2.927299,-75.281885,18
Neiva,2.927299,-75.281885,9
Neiva,2.927299,-75.281885,16
Neiva,2.927299,-75.281885,13
Neiva,2.927299,-75.281885,22
Neiva,2.927299,-75.281885,8
Neiva,2.927299,-75.281885,17
Neiva,2.927299,-75.281885,24
Neiva,2.927299,-75.281885,13
Neiva,2.927299,-75.281885,22
Neiva,2.927299,-75.281885,11
Neiva,2.927299,-75.281885,11
Neiva,2.927299,-75.281885,20
Neiva,2.927299,-75.281885,22
Neiva,2.927299,-75.281885,8
Armenia,4.533889,-75.681111,21
Armenia,4.533889,-75.681111,13
Armenia,4.533889,-75.681111,16
Armenia,4.533889,-75.681111,3
Armenia,4.533889,-75.681111,26
Armenia,4.533889,-75.681111,19
Armenia,4.533889,-75.681111,15
Armenia,4.533889,-75.681111,20
Armenia,4.533889,-75.681111,8
Armenia,4.533889,-75.681111,23
Armenia,4.533889,-75.681111,4
Armenia,4.533889,-75.681111,20
Armenia,4.533889,-75.681111,21
Armenia,4.533889,-75.681111,9
Armenia,4.533889,-75.681111,10
Armenia,4.533889,-75.681111,15
Armenia,4.533889,-75.681111,26
Armenia,4.533889,-75.681111,7
Armenia,4.533889,-75.681111,16
Armenia,4.533889,-75.681111,19
Armenia,4.533889,-75.681111,5
Armenia,4.533889,-75.681111,4
Armenia,4.533889,-75.681111,3
Armenia,4.533889,-75.681111,10
Armenia,4.533889,-75.681111,13
Armenia,4.533889,-75.681111,24
Armenia,4.533889,-75.681111,12
Armenia,4.533889,-75.681111,6
Armenia,4.533889,-75.681111,8
Armenia,4.533889,-75.681111,20
Armenia,4.533889,-75.681111,6
Armenia,4.533889,-75.681111,8
Armenia,4.533889,-75.681111,7
Armenia,4.533889,-75.681111,3
Armenia,4.533889,-75.681111,6
Armenia,4.533889,-75.681111,26
Armenia,4.533889,-75.681111,5
Armenia,4.533889,-75.681111,3
Armenia,4.533889,-75.681111,11
Armenia,4.533889,-75.681111,8
Armenia,4.533889,-75.681111,16
Armenia,4.533889,-75.681111,9
Armenia,4.533889,-75.681111,5
Armenia,4.533889,-75.681111,11
Armenia,4.533889,-75.681111,19
Armenia,4.533889,-75.681111,4
Armenia,4.533889,-75.681111,27
Armenia,4.533889,-75.681111,21
Armenia,4.533889,-75.681111,26
Armenia,4.533889,-75.681111,6
Armenia,4.533889,-75.681111,3
Armenia,4.533889,-75.681111,11
Armenia,4.533889,-75.681111,14
Armenia,4.533889,-75.681111,16
Armenia,4.533889,-75.681111,18
Armenia,4.533889,-75.681111,19
Armenia,4.533889,-75.681111,3
Armenia,4.533889,-75.681111,14
Armenia,4.533889,-75.681111,15
Armenia,4.533889,-75.681111,16
Armenia,4.533889,-75.681111,8
Armenia,4.533889,-75.681111,15
Armenia,4.533889,-75.681111,21
Armenia,4.533889,-75.681111,5
Armenia,4.533889,-75.681111,11
Armenia,4.533889,-75.681111,14
Armenia,4.533889,-75.681111,15
Armenia,4.533889,-75.681111,12
Armenia,4.533889,-75.681111,27
Armenia,4.533889,-75.681111,14
Armenia,4.533889,-75.681111,5
Armenia,4.533889,-75.681111,9
Armenia,4.533889,-75.681111,15
Armenia,4.533889,-75.681111,17
Armenia,4.533889,-75.681111,19
Armenia,4.533889,-75.681111,12
Armenia,4.533889,-75.681111,14
Armenia,4.533889,-75.681111,29
Armenia,4.533889,-75.681111,23
Armenia,4.533889,-75.681111,21
Armenia,4.533889,-75.681111,9
Armenia,4.533889,-75.681111,17
Armenia,4.533889,-75.681111,9
Armenia,4.533889,-75.681111,21
Armenia,4.533889,-75.681111,16
Valledupar,10.46314,-73.253224,13
Valledupar,10.46314,-73.253224,2
Valledupar,10.46314,-73.253224,12
Valledupar,10.46314,-73.253224,22
Valledupar,10.46314,-73.253224,5
Valledupar,10.46314,-73.253224,9
Valledupar,10.46314,-73.253224,23
Valledupar,10.46314,-73.253224,1
Valledupar,10.46314,-73.253224,20
Valledupar,10.46314,-73.253224,22
Valledupar,10.46314,-73.253224,13
Valledupar,10.46314,-73.253224,10
Valledupar,10.46314,-73.253224,19
Valledupar,10.46314,-73.253224,8
Valledupar,10.46314,-73.253224,4
Valledupar,10.46314,-73.253224,3
Valledupar,10.46314,-73.253224,8
Valledupar,10.46314,-73.253224,9
Valledupar,10.46314,-73.253224,8
Valledupar,10.46314,-73.253224,9
Valledupar,10.46314,-73.253224,3
Valledupar,10.46314,-73.253224,5
Valledupar,10.46314,-73.253224,2
Valledupar,10.46314,-73.253224,13
Valledupar,10.46314,-73.253224,24
Valledupar,10.46314,-73.253224,13
Valledupar,10.46314,-73.253224,7
Valledupar,10.46314,-73.253224,22
Valledupar,10.46314,-73.253224,10
Montería,8.747984,-75.881428,16
Montería,8.747984,-75.881428,9
Montería,8.747984,-75.881428,5
Montería,8.747984,-75.881428,7
Montería,8.747984,-75.881428,14
Montería,8.747984,-75.881428,16
Montería,8.747984,-75.881428,6
Montería,8.747984,-75.881428,21
Montería,8.747984,-75.881428,10
Montería,8.747984,-75.881428,15
Montería,8.747984,-75.881428,24
Montería,8.747984,-75.881428,1
Sincelejo,9.304722,-75.397778,16
Sincelejo,9.304722,-75.397778,9
Sincelejo,9.304722,-75.397778,5
Sincelejo,9.304722,-75.397778,7
Sincelejo,9.304722,-75.397778,14
Sincelejo,9.304722,-75.397778,16
Sincelejo,9.304722,-75.397778,16
Sincelejo,9.304722,-75.397778,6
Sincelejo,9.304722,-75.397778,25
Sincelejo,9.304722,-75.397778,21
Sincelejo,9.304722,-75.397778,10
Sincelejo,9.304722,-75.397778,15
Sincelejo,9.304722,-75.397778,2
Sincelejo,9.304722,-75.397778,6
Sincelejo,9.304722,-75.397778,1
Sincelejo,9.304722,-75.397778,5
Popayán,2.444444,-76.613889,16
Tunja,5.535278,-73.367778,19
Tunja,5.535278,-73.367778,27
Tunja,5.535278,-73.367778,22
Tunja,5.535278,-73.367778,20
Tunja,5.535278,-73.367778,5
Tunja,5.535278,-73.367778,20
Tunja,5.535278,-73.367778,15
Tunja,5.535278,-73.367778,11
Tunja,5.535278,-73.367778,15
Tunja,5.535278,-73.367778,6
Tunja,5.535278,-73.367778,8
Tunja,5.535278,-73.367778,9
Tunja,5.535278,-73.367778,11
Tunja,5.535278,-73.367778,10
Tunja,5.535278,-73.367778,5
Tunja,5.535278,-73.367778,15
Tunja,5.535278,-73.367778,22
Tunja,5.535278,-73.367778,17
Ríohacha,11.544444,-72.907222,6
Ríohacha,11.544444,-72.907222,23
Ríohacha,11.544444,-72.907222,2
Ríohacha,11.544444,-72.907222,26
Ríohacha,11.544444,-72.907222,10
Ríohacha,11.544444,-72.907222,22
Ríohacha,11.544444,-72.907222,24
Ríohacha,11.544444,-72.907222,3
Ríohacha,11.544444,-72.907222,11
Ríohacha,11.544444,-72.907222,13
Ríohacha,11.544444,-72.907222,8
Ríohacha,11.544444,-72.907222,2
Ríohacha,11.544444,-72.907222,13
Ríohacha,11.544444,-72.907222,7
Ríohacha,11.544444,-72.907222,19
Ríohacha,11.544444,-72.907222,11
Ríohacha,11.544444,-72.907222,7
Ríohacha,11.544444,-72.907222,21
Florencia,1.614382,-75.606229,5
Florencia,1.614382,-75.606229,4
Quibdó,5.694722,-76.661111,5
Quibdó,5.694722,-76.661111,14
Arauca,7.084512,-70.755366,13
Arauca,7.084512,-70.755366,26
Arauca,7.084512,-70.755366,8
Arauca,7.084512,-70.755366,3
Arauca,7.084512,-70.755366,4
Arauca,7.084512,-70.755366,16
Arauca,7.084512,-70.755366,3
Yopal,5.337752,-72.395859,19
Yopal,5.337752,-72.395859,15
Yopal,5.337752,-72.395859,15
Yopal,5.337752,-72.395859,6
Yopal,5.337752,-72.395859,8
Yopal,5.337752,-72.395859,9
Yopal,5.337752,-72.395859,11
Yopal,5.337752,-72.395859,10
Yopal,5.337752,-72.395859,5
Yopal,5.337752,-72.395859,15
Yopal,5.337752,-72.395859,22
Leticia,-4.215278,-69.940556,2
San José del Guaviare,2.572858,-72.645914,22
San José del Guaviare,2.572858,-72.645914,24
Mocoa,1.149327,-76.64661,5
Mocoa,1.149327,-76.64661,4
Puerto Carreño,6.189031,-67.485879,20
Puerto Carreño,6.189031,-67.485879,14
